{"cameraMode":{"drawMode":0,"name":"Shaded","section":"Shading Mode"},"sceneLighting":true,"audioPlay":false,"sceneViewState":{"showFog":false,"showMaterialUpdate":false,"showSkybox":false,"showFlares":false,"showImageEffects":false,"showParticleSystems":false},"in2DMode":false,"pivot":{"x":0.5052699446678162,"y":0.23304176330566407,"z":0.19774150848388673},"rotation":{"x":-0.3720210790634155,"y":-0.023111658170819284,"z":0.00926617905497551,"w":-0.9278908371925354},"size":11.87508773803711,"orthographic":false}